# Canonical host - www to non-www
https://www.costflowai.com/*  https://costflowai.com/:splat   301!

# URL Canonicalization - Remove .html extensions  
/index.html        /          301!
/blog.html         /blog/     301!
/calculators.html  /calculators/  301!
/about.html        /about     301!
/pricing.html      /pricing   301!
/privacy-policy.html /privacy-policy 301!
/privacy.html      /privacy-policy 301!
/terms-of-service.html /terms-of-service 301!
/terms.html        /terms-of-service 301!
/roi-maximizer.html /roi-maximizer 301!
/photo-estimate.html /photo-estimate 301!
/ai-photo-estimator.html /ai-photo-estimator 301!
/status.html       /status    301!
/api-docs.html     /api-docs  301!
/payment-success.html /payment-success 301!
/payment-success-new.html /payment-success 301!

# Calculator specific redirects - HTML files to clean URLs
/calculators/concrete-advanced.html /calculators/#concrete 301!
/calculators/residential-rom.html /calculators/rom 301!
/calculators/residential-rom-pro.html /calculators/rom-pro 301!
/calculators/commercial-ti.html /calculators/ti-calculator 301!
/calculators/commercial-ti-pro.html /calculators/ti-calculator 301!
/calculators/roi-maximizer.html /calculators/roi-maximizer 301!
/calculators/roi /calculators/roi-maximizer 301!

# Redirect removed navigation pages to main sections
/ai-estimator /calculators 301!
/ai-photo-estimator /calculators 301!
/intelligence /calculators 301!
/api /calculators 301!
/pricing /calculators 301!

# Additional specialized calculator redirects
/calculators/residential-rom /calculators/rom 301!
/calculators/commercial-ti /calculators/ti-calculator 301!
/calculators/roi-maximizer /calculators/roi 301!

# Professional calculator mappings - serve individual HTML files

# Catch-all for any remaining .html pages
/*.html            /:splat    301!

# Blog post canonicalization
/blog/posts/:slug.html    /blog/posts/:slug    301!

# Legacy redirects
/2025-01-21-cost-reduction-strategies.html  /blog/posts/2025-01-21-cost-reduction-strategies   301!

# Security redirects - Block admin access
/owner/* /404.html 404!
/owner /404.html 404!
/admin/* /404.html 404!
/admin /404.html 404!
/dashboard/* /404.html 404!
/dashboard /404.html 404!
/studio/* /404.html 404!
/studio /404.html 404!

# Canonicalize hub and legacy HTML shells
/calculators.html  /calculators/  301!
/index.html        /          301!
/blog.html         /blog/     301!
# Updated: Route individual calculator URLs to unified suite with anchors
/calculators/concrete /calculators/#concrete 301!
/calculators/framing /calculators/#framing 301!
/calculators/paint /calculators/#paint 301!
/calculators/roofing /calculators/#roofing 301!
/calculators/electrical /calculators/#electrical 301!
/calculators/plumbing /calculators/#plumbing 301!
/calculators/hvac /calculators/#hvac 301!
/calculators/drywall /calculators/#drywall 301!
/calculators/flooring /calculators/#flooring 301!
/calculators/labor /calculators/#labor 301!
/calculators/excavation /calculators/#excavation 301!
/calculators/insulation /calculators/#insulation 301!
